Employee_ID,Employee_Name,Hire_Date,Department,Position
22525,Employee_38,2021-01-10,Department_4,Position_3
71010,Employee_50,2021-01-2,Department_4,Position_1
95978,Employee_26,2021-01-12,Department_1,Position_3
17688,Employee_13,2021-01-24,Department_3,Position_2
31308,Employee_24,2021-01-16,Department_2,Position_2
38988,Employee_40,2021-01-20,Department_5,Position_3
78914,Employee_89,2021-01-25,Department_5,Position_1
22803,Employee_10,2021-01-20,Department_3,Position_1
64047,Employee_28,2021-01-21,Department_2,Position_2
52257,Employee_10,2021-01-3,Department_4,Position_3
